Workbook

Sheet Jogo 2
A1: Team | B1: Player | C1: No. | D1: PTS | E1: FG | F1: FGA | G1: FG% | H1: 2P | I1: 2PA | J1: 2P% | K1: 3P | L1: 3PA | M1: 3P% | N1: FT | O1: FTA | P1: FT% | Q1: REB | R1: OR | S1: DR | T1: AST | U1: STL | V1: TO | W1: EFF | X1: + / -
A2: EAB | B2: Sofia | C2: 4 | D2: 0 | E2: 0 | F2: 0 | G2: =Jogo_2[[#This Row],[FG]]/Jogo_2[[#This Row],[FGA]] -> #DIV/0! | H2: 0 | I2: 0 | J2: =Jogo_2[[#This Row],[2P]]/Jogo_2[[#This Row],[2PA]] -> #DIV/0! | K2: 0 | L2: 0 | M2: =Jogo_2[[#This Row],[3P]]/Jogo_2[[#This Row],[3PA]] -> #DIV/0! | N2: 0 | O2: 0 | P2: =Jogo_2[[#This Row],[FT]]/Jogo_2[[#This Row],[FTA]] -> #DIV/0! | Q2: 0 | R2: 0 | S2: 0 | T2: 1 | U2: 0 | V2: 1 | W2: 0 | X2: -2
A3: EAB | B3: Jasmin | C3: 7 | D3: 1 | E3: 0 | F3: 9 | G3: =Jogo_2[[#This Row],[FG]]/Jogo_2[[#This Row],[FGA]] -> 0 | H3: 0 | I3: 7 | J3: =Jogo_2[[#This Row],[2P]]/Jogo_2[[#This Row],[2PA]] -> 0 | K3: 0 | L3: 2 | M3: =Jogo_2[[#This Row],[3P]]/Jogo_2[[#This Row],[3PA]] -> 0 | N3: 1 | O3: 2 | P3: =Jogo_2[[#This Row],[FT]]/Jogo_2[[#This Row],[FTA]] -> 0.5 | Q3: 1 | R3: 0 | S3: 1 | T3: 3 | U3: 3 | V3: 3 | W3: -5 | X3: -3
A4: EAB | B4: Laura | C4: 8 | D4: 10 | E4: 5 | F4: 12 | G4: =Jogo_2[[#This Row],[FG]]/Jogo_2[[#This Row],[FGA]] -> 0.41666667 | H4: 5 | I4: 11 | J4: =Jogo_2[[#This Row],[2P]]/Jogo_2[[#This Row],[2PA]] -> 0.45454545 | K4: 0 | L4: 1 | M4: =Jogo_2[[#This Row],[3P]]/Jogo_2[[#This Row],[3PA]] -> 0 | N4: 0 | O4: 3 | P4: =Jogo_2[[#This Row],[FT]]/Jogo_2[[#This Row],[FTA]] -> 0 | Q4: 11 | R4: 3 | S4: 8 | T4: 1 | U4: 1 | V4: 4 | W4: 8 | X4: -5
A5: EAB | B5: Giovanna | C5: 9 | D5: 0 | E5: 0 | F5: 0 | G5: =Jogo_2[[#This Row],[FG]]/Jogo_2[[#This Row],[FGA]] -> #DIV/0! | H5: 0 | I5: 0 | J5: =Jogo_2[[#This Row],[2P]]/Jogo_2[[#This Row],[2PA]] -> #DIV/0! | K5: 0 | L5: 0 | M5: =Jogo_2[[#This Row],[3P]]/Jogo_2[[#This Row],[3PA]] -> #DIV/0! | N5: 0 | O5: 0 | P5: =Jogo_2[[#This Row],[FT]]/Jogo_2[[#This Row],[FTA]] -> #DIV/0! | Q5: 0 | R5: 0 | S5: 0 | T5: 0 | U5: 0 | V5: 0 | W5: 0 | X5: 0
A6: EAB | B6: Beatriz | C6: 10 | D6: 2 | E6: 1 | F6: 10 | G6: =Jogo_2[[#This Row],[FG]]/Jogo_2[[#This Row],[FGA]] -> 0.1 | H6: 1 | I6: 5 | J6: =Jogo_2[[#This Row],[2P]]/Jogo_2[[#This Row],[2PA]] -> 0.2 | K6: 0 | L6: 5 | M6: =Jogo_2[[#This Row],[3P]]/Jogo_2[[#This Row],[3PA]] -> 0 | N6: 0 | O6: 0 | P6: =Jogo_2[[#This Row],[FT]]/Jogo_2[[#This Row],[FTA]] -> #DIV/0! | Q6: 1 | R6: 0 | S6: 1 | T6: 0 | U6: 1 | V6: 1 | W6: -8 | X6: -3
A7: EAB | B7: Maria Beatriz | C7: 11 | D7: 0 | E7: 0 | F7: 0 | G7: =Jogo_2[[#This Row],[FG]]/Jogo_2[[#This Row],[FGA]] -> #DIV/0! | H7: 0 | I7: 0 | J7: =Jogo_2[[#This Row],[2P]]/Jogo_2[[#This Row],[2PA]] -> #DIV/0! | K7: 0 | L7: 0 | M7: =Jogo_2[[#This Row],[3P]]/Jogo_2[[#This Row],[3PA]] -> #DIV/0! | N7: 0 | O7: 0 | P7: =Jogo_2[[#This Row],[FT]]/Jogo_2[[#This Row],[FTA]] -> #DIV/0! | Q7: 1 | R7: 0 | S7: 1 | T7: 0 | U7: 0 | V7: 1 | W7: 0 | X7: -4
A8: EAB | B8: Manuela | C8: 16 | D8: 2 | E8: 1 | F8: 3 | G8: =Jogo_2[[#This Row],[FG]]/Jogo_2[[#This Row],[FGA]] -> 0.33333333 | H8: 1 | I8: 1 | J8: =Jogo_2[[#This Row],[2P]]/Jogo_2[[#This Row],[2PA]] -> 1 | K8: 0 | L8: 2 | M8: =Jogo_2[[#This Row],[3P]]/Jogo_2[[#This Row],[3PA]] -> 0 | N8: 0 | O8: 0 | P8: =Jogo_2[[#This Row],[FT]]/Jogo_2[[#This Row],[FTA]] -> #DIV/0! | Q8: 3 | R8: 1 | S8: 2 | T8: 0 | U8: 2 | V8: 8 | W8: -4 | X8: 1
A9: EAB | B9: Tess | C9: 17 | D9: 0 | E9: 0 | F9: 1 | G9: =Jogo_2[[#This Row],[FG]]/Jogo_2[[#This Row],[FGA]] -> 0 | H9: 0 | I9: 0 | J9: =Jogo_2[[#This Row],[2P]]/Jogo_2[[#This Row],[2PA]] -> #DIV/0! | K9: 0 | L9: 1 | M9: =Jogo_2[[#This Row],[3P]]/Jogo_2[[#This Row],[3PA]] -> 0 | N9: 0 | O9: 0 | P9: =Jogo_2[[#This Row],[FT]]/Jogo_2[[#This Row],[FTA]] -> #DIV/0! | Q9: 1 | R9: 0 | S9: 1 | T9: 0 | U9: 1 | V9: 3 | W9: -2 | X9: -6
A10: EAB | B10: Rosa | C10: 20 | D10: 0 | E10: 0 | F10: 1 | G10: =Jogo_2[[#This Row],[FG]]/Jogo_2[[#This Row],[FGA]] -> 0 | H10: 0 | I10: 1 | J10: =Jogo_2[[#This Row],[2P]]/Jogo_2[[#This Row],[2PA]] -> 0 | K10: 0 | L10: 0 | M10: =Jogo_2[[#This Row],[3P]]/Jogo_2[[#This Row],[3PA]] -> #DIV/0! | N10: 0 | O10: 0 | P10: =Jogo_2[[#This Row],[FT]]/Jogo_2[[#This Row],[FTA]] -> #DIV/0! | Q10: 0 | R10: 0 | S10: 0 | T10: 0 | U10: 1 | V10: 1 | W10: -1 | X10: -3
A11: EAB | B11: Total | C11: -- | D11: 15 | E11: 7 | F11: 36 | G11: =Jogo_2[[#This Row],[FG]]/Jogo_2[[#This Row],[FGA]] -> 0.19444444 | H11: 7 | I11: 25 | J11: =Jogo_2[[#This Row],[2P]]/Jogo_2[[#This Row],[2PA]] -> 0.28 | K11: 0 | L11: 11 | M11: =Jogo_2[[#This Row],[3P]]/Jogo_2[[#This Row],[3PA]] -> 0 | N11: 1 | O11: 5 | P11: =Jogo_2[[#This Row],[FT]]/Jogo_2[[#This Row],[FTA]] -> 0.2 | Q11: 18 | R11: 4 | S11: 14 | T11: 5 | U11: 9 | V11: 22 | W11: -12 | X11: -25
A12: Policia Militar | B12: Team | C12: -- | D12: 20 | E12: 9 | F12: 53 | G12: =Jogo_2[[#This Row],[FG]]/Jogo_2[[#This Row],[FGA]] -> 0.16981132 | H12: 9 | I12: 39 | J12: =Jogo_2[[#This Row],[2P]]/Jogo_2[[#This Row],[2PA]] -> 0.23076923 | K12: 0 | L12: 14 | M12: =Jogo_2[[#This Row],[3P]]/Jogo_2[[#This Row],[3PA]] -> 0 | N12: 2 | O12: 7 | P12: =Jogo_2[[#This Row],[FT]]/Jogo_2[[#This Row],[FTA]] -> 0.28571429 | Q12: 38 | R12: 22 | S12: 16 | T12: 0 | U12: 0 | V12: 23 | W12: -14 | X12: 5
A13: Policia Militar | B13: Total | C13: -- | D13: 20 | E13: 9 | F13: 53 | G13: =Jogo_2[[#This Row],[FG]]/Jogo_2[[#This Row],[FGA]] -> 0.16981132 | H13: 9 | I13: 39 | J13: =Jogo_2[[#This Row],[2P]]/Jogo_2[[#This Row],[2PA]] -> 0.23076923 | K13: 0 | L13: 14 | M13: =Jogo_2[[#This Row],[3P]]/Jogo_2[[#This Row],[3PA]] -> 0 | N13: 2 | O13: 7 | P13: =Jogo_2[[#This Row],[FT]]/Jogo_2[[#This Row],[FTA]] -> 0.28571429 | Q13: 38 | R13: 22 | S13: 16 | T13: 0 | U13: 0 | V13: 23 | W13: -14 | X13: 5
A14: Total | B14: Total | C14: -- | D14: 35 | E14: 16 | F14: 89 | G14: =Jogo_2[[#This Row],[FG]]/Jogo_2[[#This Row],[FGA]] -> 0.17977528 | H14: 16 | I14: 64 | J14: =Jogo_2[[#This Row],[2P]]/Jogo_2[[#This Row],[2PA]] -> 0.25 | K14: 0 | L14: 25 | M14: =Jogo_2[[#This Row],[3P]]/Jogo_2[[#This Row],[3PA]] -> 0 | N14: 3 | O14: 12 | P14: =Jogo_2[[#This Row],[FT]]/Jogo_2[[#This Row],[FTA]] -> 0.25 | Q14: 56 | R14: 26 | S14: 30 | T14: 5 | U14: 9 | V14: 45 | W14: -26 | X14: -20

Sheet Jogo 1
A1: Team | B1: Player | C1: No. | D1: PTS | E1: FG | F1: FGA | G1: FG% | H1: 2P | I1: 2PA | J1: 2P% | K1: 3P | L1: 3PA | M1: 3P% | N1: FT | O1: FTA | P1: FT% | Q1: REB | R1: OR | S1: DR | T1: AST | U1: STL | V1: TO | W1: EFF | X1: + / -
A2: Colegio Militar | B2: Team | C2: -- | D2: 29 | E2: 14 | F2: 57 | G2: =Jogo_1[[#This Row],[FG]]/Jogo_1[[#This Row],[FGA]] -> 0.24561404 | H2: 14 | I2: 53 | J2: =Jogo_1[[#This Row],[2P]]/Jogo_1[[#This Row],[2PA]] -> 0.26415094 | K2: 0 | L2: 4 | M2: =Jogo_1[[#This Row],[3P]]/Jogo_1[[#This Row],[3PA]] -> 0 | N2: 1 | O2: 9 | P2: =Jogo_1[[#This Row],[FT]]/Jogo_1[[#This Row],[FTA]] -> 0.11111111 | Q2: 34 | R2: 20 | S2: 14 | T2: 0 | U2: 0 | V2: 25 | W2: -13 | X2: 16
A3: Colegio Militar | B3: Total | C3: -- | D3: 29 | E3: 14 | F3: 57 | G3: =Jogo_1[[#This Row],[FG]]/Jogo_1[[#This Row],[FGA]] -> 0.24561404 | H3: 14 | I3: 53 | J3: =Jogo_1[[#This Row],[2P]]/Jogo_1[[#This Row],[2PA]] -> 0.26415094 | K3: 0 | L3: 4 | M3: =Jogo_1[[#This Row],[3P]]/Jogo_1[[#This Row],[3PA]] -> 0 | N3: 1 | O3: 9 | P3: =Jogo_1[[#This Row],[FT]]/Jogo_1[[#This Row],[FTA]] -> 0.11111111 | Q3: 34 | R3: 20 | S3: 14 | T3: 0 | U3: 0 | V3: 25 | W3: -13 | X3: 16
A4: EAB | B4: Jasmin | C4: 7 | D4: 8 | E4: 4 | F4: 13 | G4: =Jogo_1[[#This Row],[FG]]/Jogo_1[[#This Row],[FGA]] -> 0.30769231 | H4: 4 | I4: 12 | J4: =Jogo_1[[#This Row],[2P]]/Jogo_1[[#This Row],[2PA]] -> 0.33333333 | K4: 0 | L4: 1 | M4: =Jogo_1[[#This Row],[3P]]/Jogo_1[[#This Row],[3PA]] -> 0 | N4: 0 | O4: 0 | P4: =Jogo_1[[#This Row],[FT]]/Jogo_1[[#This Row],[FTA]] -> #DIV/0! | Q4: 5 | R4: 0 | S4: 5 | T4: 1 | U4: 1 | V4: 4 | W4: 1 | X4: -9
A5: EAB | B5: Laura | C5: 8 | D5: 2 | E5: 1 | F5: 7 | G5: =Jogo_1[[#This Row],[FG]]/Jogo_1[[#This Row],[FGA]] -> 0.14285714 | H5: 1 | I5: 3 | J5: =Jogo_1[[#This Row],[2P]]/Jogo_1[[#This Row],[2PA]] -> 0.33333333 | K5: 0 | L5: 4 | M5: =Jogo_1[[#This Row],[3P]]/Jogo_1[[#This Row],[3PA]] -> 0 | N5: 0 | O5: 2 | P5: =Jogo_1[[#This Row],[FT]]/Jogo_1[[#This Row],[FTA]] -> 0 | Q5: 9 | R5: 3 | S5: 6 | T5: 0 | U5: 2 | V5: 6 | W5: -1 | X5: -16
A6: EAB | B6: Beatriz | C6: 10 | D6: 0 | E6: 0 | F6: 5 | G6: =Jogo_1[[#This Row],[FG]]/Jogo_1[[#This Row],[FGA]] -> 0 | H6: 0 | I6: 1 | J6: =Jogo_1[[#This Row],[2P]]/Jogo_1[[#This Row],[2PA]] -> 0 | K6: 0 | L6: 4 | M6: =Jogo_1[[#This Row],[3P]]/Jogo_1[[#This Row],[3PA]] -> 0 | N6: 0 | O6: 0 | P6: =Jogo_1[[#This Row],[FT]]/Jogo_1[[#This Row],[FTA]] -> #DIV/0! | Q6: 4 | R6: 1 | S6: 3 | T6: 0 | U6: 1 | V6: 6 | W6: -6 | X6: -16
A7: EAB | B7: Isadora | C7: 12 | D7: 3 | E7: 1 | F7: 7 | G7: =Jogo_1[[#This Row],[FG]]/Jogo_1[[#This Row],[FGA]] -> 0.14285714 | H7: 0 | I7: 4 | J7: =Jogo_1[[#This Row],[2P]]/Jogo_1[[#This Row],[2PA]] -> 0 | K7: 1 | L7: 3 | M7: =Jogo_1[[#This Row],[3P]]/Jogo_1[[#This Row],[3PA]] -> 0.33333333 | N7: 0 | O7: 3 | P7: =Jogo_1[[#This Row],[FT]]/Jogo_1[[#This Row],[FTA]] -> 0 | Q7: 4 | R7: 0 | S7: 4 | T7: 1 | U7: 0 | V7: 10 | W7: -12 | X7: -14
A8: EAB | B8: Manuela | C8: 16 | D8: 0 | E8: 0 | F8: 1 | G8: =Jogo_1[[#This Row],[FG]]/Jogo_1[[#This Row],[FGA]] -> 0 | H8: 0 | I8: 1 | J8: =Jogo_1[[#This Row],[2P]]/Jogo_1[[#This Row],[2PA]] -> 0 | K8: 0 | L8: 0 | M8: =Jogo_1[[#This Row],[3P]]/Jogo_1[[#This Row],[3PA]] -> #DIV/0! | N8: 0 | O8: 0 | P8: =Jogo_1[[#This Row],[FT]]/Jogo_1[[#This Row],[FTA]] -> #DIV/0! | Q8: 0 | R8: 0 | S8: 0 | T8: 0 | U8: 1 | V8: 9 | W8: -11 | X8: -7
A9: EAB | B9: Tess | C9: 17 | D9: 0 | E9: 0 | F9: 0 | G9: =Jogo_1[[#This Row],[FG]]/Jogo_1[[#This Row],[FGA]] -> #DIV/0! | H9: 0 | I9: 0 | J9: =Jogo_1[[#This Row],[2P]]/Jogo_1[[#This Row],[2PA]] -> #DIV/0! | K9: 0 | L9: 0 | M9: =Jogo_1[[#This Row],[3P]]/Jogo_1[[#This Row],[3PA]] -> #DIV/0! | N9: 0 | O9: 0 | P9: =Jogo_1[[#This Row],[FT]]/Jogo_1[[#This Row],[FTA]] -> #DIV/0! | Q9: 1 | R9: 1 | S9: 0 | T9: 0 | U9: 0 | V9: 2 | W9: -1 | X9: -9
A10: EAB | B10: Rosa | C10: 20 | D10: 0 | E10: 0 | F10: 4 | G10: =Jogo_1[[#This Row],[FG]]/Jogo_1[[#This Row],[FGA]] -> 0 | H10: 0 | I10: 3 | J10: =Jogo_1[[#This Row],[2P]]/Jogo_1[[#This Row],[2PA]] -> 0 | K10: 0 | L10: 1 | M10: =Jogo_1[[#This Row],[3P]]/Jogo_1[[#This Row],[3PA]] -> 0 | N10: 0 | O10: 0 | P10: =Jogo_1[[#This Row],[FT]]/Jogo_1[[#This Row],[FTA]] -> #DIV/0! | Q10: 7 | R10: 3 | S10: 4 | T10: 0 | U10: 1 | V10: 2 | W10: 0 | X10: -9
A11: EAB | B11: Total | C11: -- | D11: 13 | E11: 6 | F11: 37 | G11: =Jogo_1[[#This Row],[FG]]/Jogo_1[[#This Row],[FGA]] -> 0.16216216 | H11: 5 | I11: 24 | J11: =Jogo_1[[#This Row],[2P]]/Jogo_1[[#This Row],[2PA]] -> 0.20833333 | K11: 1 | L11: 13 | M11: =Jogo_1[[#This Row],[3P]]/Jogo_1[[#This Row],[3PA]] -> 0.076923077 | N11: 0 | O11: 5 | P11: =Jogo_1[[#This Row],[FT]]/Jogo_1[[#This Row],[FTA]] -> 0 | Q11: 30 | R11: 8 | S11: 22 | T11: 2 | U11: 6 | V11: 39 | W11: -30 | X11: -80
A12: Total | B12: Total | C12: -- | D12: 42 | E12: 20 | F12: 94 | G12: =Jogo_1[[#This Row],[FG]]/Jogo_1[[#This Row],[FGA]] -> 0.21276596 | H12: 19 | I12: 77 | J12: =Jogo_1[[#This Row],[2P]]/Jogo_1[[#This Row],[2PA]] -> 0.24675325 | K12: 1 | L12: 17 | M12: =Jogo_1[[#This Row],[3P]]/Jogo_1[[#This Row],[3PA]] -> 0.058823529 | N12: 1 | O12: 14 | P12: =Jogo_1[[#This Row],[FT]]/Jogo_1[[#This Row],[FTA]] -> 0.071428571 | Q12: 64 | R12: 28 | S12: 36 | T12: 2 | U12: 6 | V12: 64 | W12: -43 | X12: -64

Sheet Line up
A3: Line up 1 | B3: Soma de PPG | C3: Média de TS% | D3: Soma de PTS/POSS | E3: Soma de AVG.REB | F3: Soma de AVG.TO | I3: Line up 4 | J3: Soma de PPG | K3: Média de TS% | L3: Soma de PTS/POSS | M3: Soma de AVG.REB | N3: Soma de AVG.TO | R3: Line up 1 | S3: PPG | T3: TS% | U3: PTS/POSS | V3: AVG.REB | W3: AVG.TO | X3: AVG. +/-
A4: Jasmin | B4: 5.5555556 | C4: 28.962963 | D4: 0.37358039 | E4: 5.1111111 | F4: 6.1111111 | I4: Beatriz | J4: 2 | K4: 10.92 | L4: 0.12057878 | M4: 3.3333333 | N4: 6 | R4: Jasmin, Isadora, Beatriz, Manuela, Rosa | S4: 13.005556 | T4: 12 | U4: 1.1146544 | V4: 20.194444 | W4: 29.736111 | X4: -8.0083333
A5: Isadora | B5: 3.75 | C5: 18.1125 | D5: 0.24334848 | E5: 4.25 | F5: 7.625 | I5: Jasmin | J5: 5.5555556 | K5: 28.962963 | L5: 0.37358039 | M5: 5.1111111 | N5: 6.1111111
A6: Beatriz | B6: 2 | C6: 10.92 | D6: 0.12057878 | E6: 3.3333333 | F6: 6 | I6: Laura | J6: 5.8888889 | K6: 36.22321 | L6: 0.36123228 | M6: 9.2222222 | N6: 6.4444444
A7: Manuela | B7: 1.3 | C7: 1.781 | D7: 0.12333966 | E7: 3.1 | F7: 8.6 | I7: Manuela | J7: 1.3 | K7: 1.781 | L7: 0.12333966 | M7: 3.1 | N7: 8.6
A8: Rosa | B8: 0.4 | C8: 0.4352 | D8: 0.25380711 | E8: 4.4 | F8: 1.4 | I8: Sofia | J8: 0 | K8: 0 | L8: 0 | M8: 1.3333333 | N8: 1.2222222
A9: Total Geral | B9: 13.005556 | C9: 12.042333 | D9: 1.1146544 | E9: 20.194444 | F9: 29.736111 | I9: Total Geral | J9: 14.744444 | K9: 15.577435 | L9: 0.97873111 | M9: 22.1 | N9: 28.377778
B10: 4 | C10: 0.05 | D10: 0.03 | E10: 5 | F10: 4 | G10: 0.05 | H10: =4+5+3+5+4+5 -> 26 | J10: 3 | K10: 0.03 | L10: 0.05 | M10: 4 | N10: 3 | O10: 0.03 | P10: =3+3+5+4+3+3 -> 21
A11: Line up 2 | B11: Soma de PPG | C11: Média de TS% | D11: Soma de PTS/POSS | E11: Soma de AVG.REB | F11: Soma de AVG.TO | I11: Line up 5 | J11: Soma de PPG | K11: Média de TS% | L11: Soma de PTS/POSS | M11: Soma de AVG.REB | N11: Soma de AVG.TO | R11: Line up 2 | S11: PPG | T11: TS% | U11: PTS/POSS | V11: AVG.REB | W11: AVG.TO | X11: AVG. +/-
A12: Beatriz | B12: 2 | C12: 10.92 | D12: 0.12057878 | E12: 3.3333333 | F12: 6 | I12: Isadora | J12: 3.75 | K12: 18.1125 | L12: 0.24334848 | M12: 4.25 | N12: 7.625 | R12: Beatriz, Isadora, Jasmin, Laura, Manuela | S12: 18.494444 | T12: 19 | U12: 1.2220796 | V12: 25.016667 | W12: 34.780556 | X12: -8.2727778
A13: Isadora | B13: 3.75 | C13: 18.1125 | D13: 0.24334848 | E13: 4.25 | F13: 7.625 | I13: Jasmin | J13: 5.5555556 | K13: 28.962963 | L13: 0.37358039 | M13: 5.1111111 | N13: 6.1111111 | R13: Line up 3 | S13: PPG | T13: TS% | U13: PTS/POSS | V13: AVG.REB | W13: AVG.TO | X13: AVG. +/-
A14: Jasmin | B14: 5.5555556 | C14: 28.962963 | D14: 0.37358039 | E14: 5.1111111 | F14: 6.1111111 | I14: Manu Resende | J14: 1 | K14: 2.25 | L14: 0.11764706 | M14: 1 | N14: 4.5 | R14: Isadora, Jasmin, Laura, Manuela, Rosa | S14: 16.894444 | T14: 17 | U14: 1.3553079 | V14: 26.083333 | W14: 30.180556 | X14: -7.4527778
A15: Laura | B15: 5.8888889 | C15: 36.22321 | D15: 0.36123228 | E15: 9.2222222 | F15: 6.4444444 | I15: Manuela | J15: 1.3 | K15: 1.781 | L15: 0.12333966 | M15: 3.1 | N15: 8.6 | R15: Line up 4 | S15: PPG | T15: TS% | U15: PTS/POSS | V15: AVG.REB | W15: AVG.TO | X15: AVG. +/-
A16: Manuela | B16: 1.3 | C16: 1.781 | D16: 0.12333966 | E16: 3.1 | F16: 8.6 | I16: Sofia | J16: 0 | K16: 0 | L16: 0 | M16: 1.3333333 | N16: 1.2222222 | R16: Beatriz, Jasmin, Laura, Manuela, Sofia | S16: 14.744444 | T16: 16 | U16: 0.97873111 | V16: 22.1 | W16: 28.377778 | X16: -7.3644444
A17: Total Geral | B17: 18.494444 | C17: 19.199935 | D17: 1.2220796 | E17: 25.016667 | F17: 34.780556 | I17: Total Geral | J17: 11.605556 | K17: 10.221293 | L17: 0.85791559 | M17: 14.794444 | N17: 28.058333 | R17: Line up 5 | S17: PPG | T17: TS% | U17: PTS/POSS | V17: AVG.REB | W17: AVG.TO | X17: AVG. +/-
B18: 1 | C18: 0.01 | D18: 0.02 | E18: 2 | F18: 6 | G18: 0.06 | H18: =1+1+2+2+6+6 -> 18 | J18: 6 | K18: 0.06 | L18: 0.06 | M18: 6 | N18: 2 | O18: 0.01 | P18: =6+6+6+6+2+1 -> 27 | R18: Isadora, Jasmin, Manu R, Manuela, Sofia | S18: 11.605556 | T18: 10 | U18: 0.85791559 | V18: 14.794444 | W18: 28.058333 | X18: -4.695
A19: Line up 3 | B19: Soma de PPG | C19: Média de TS% | D19: Soma de PTS/POSS | E19: Soma de AVG.REB | F19: Soma de AVG.TO | I19: Line up 6 | J19: Soma de PPG | K19: Média de TS% | L19: Soma de PTS/POSS | M19: Soma de AVG.REB | N19: Soma de AVG.TO | R19: Line up 6 | S19: PPG | T19: TS% | U19: PTS/POSS | V19: AVG.REB | W19: AVG.TO | X19: AVG. +/-
A20: Isadora | B20: 3.75 | C20: 18.1125 | D20: 0.24334848 | E20: 4.25 | F20: 7.625 | I20: Jasmin | J20: 5.5555556 | K20: 28.962963 | L20: 0.37358039 | M20: 5.1111111 | N20: 6.1111111 | R20: Jasmin, Laura, Manuela, Rosa, Tess | S20: 13.144444 | T20: 13 | U20: 1.1119594 | V20: 22.944444 | W20: 24.777778 | X20: -7.1222222
A21: Jasmin | B21: 5.5555556 | C21: 28.962963 | D21: 0.37358039 | E21: 5.1111111 | F21: 6.1111111 | I21: Laura | J21: 5.8888889 | K21: 36.22321 | L21: 0.36123228 | M21: 9.2222222 | N21: 6.4444444
A22: Laura | B22: 5.8888889 | C22: 36.22321 | D22: 0.36123228 | E22: 9.2222222 | F22: 6.4444444 | I22: Manuela | J22: 1.3 | K22: 1.781 | L22: 0.12333966 | M22: 3.1 | N22: 8.6
A23: Manuela | B23: 1.3 | C23: 1.781 | D23: 0.12333966 | E23: 3.1 | F23: 8.6 | I23: Rosa | J23: 0.4 | K23: 0.4352 | L23: 0.25380711 | M23: 4.4 | N23: 1.4
A24: Rosa | B24: 0.4 | C24: 0.4352 | D24: 0.25380711 | E24: 4.4 | F24: 1.4 | I24: Tess | J24: 0 | K24: 0 | L24: 0 | M24: 1.1111111 | N24: 2.2222222
A25: Total Geral | B25: 16.894444 | C25: 17.102975 | D25: 1.3553079 | E25: 26.083333 | F25: 30.180556 | I25: Total Geral | J25: 13.144444 | K25: 13.480475 | L25: 1.1119594 | M25: 22.944444 | N25: 24.777778
B26: 2 | C26: 0.02 | D26: 0.01 | E26: 1 | F26: 5 | G26: 0.04 | H26: =2+2+1+1+5+4 -> 15 | J26: 4 | K26: 0.04 | L26: 0.03 | M26: 3 | N26: 1 | O26: 0.02 | P26: =4+4+3+3+1+2 -> 17

Sheet Média VGBB25
A1: Team | B1: Player | C1: No. | D1: GP | E1: PTS | F1: PPG | G1: FG/FGA | H1: FGA | I1: FGM | J1: FG% | K1: 2P/2PA | L1: 2PA | M1: 2PM | N1: 2P% | O1: 3P/3PA | P1: 3PA | Q1: 3PTM | R1: 3P% | S1: FT/FTA | T1: FTA | U1: FTM | V1: FT% | W1: REB | X1: AVG.REB | Y1: OR | Z1: DR | AA1: AST | AB1: STL | AC1: TO | AD1: AVG.TO | AE1: EFF | AF1: + / - | AG1: AVG. Plus/minus | AH1: TS% | AI1: ORTG | AJ1: PTS/POSS
A2: EAB | B2: Manu Resende | C2: 3 | D2: 2 | E2: 2 | F2: =MédiaVGBB25[[#This Row],[PTS]]/MédiaVGBB25[[#This Row],[GP]] -> 1 | G2: 1/9 | H2: 9 | I2: 1 | J2: =MédiaVGBB25[[#This Row],[FGM]]/MédiaVGBB25[[#This Row],[FGA]] -> 0.11111111 | K2: 1/4 | L2: 4 | M2: 1 | N2: =MédiaVGBB25[[#This Row],[2PM]]/MédiaVGBB25[[#This Row],[2PA]] -> 0.25 | O2: 0/5 | P2: 5 | Q2: 0 | R2: =MédiaVGBB25[[#This Row],[3PTM]]/MédiaVGBB25[[#This Row],[3PA]] -> 0 | S2: 0/0 | T2: 0 | U2: 0 | V2: =MédiaVGBB25[[#This Row],[FTM]]/MédiaVGBB25[[#This Row],[FTA]] -> #DIV/0! | W2: 2 | X2: =MédiaVGBB25[[#This Row],[REB]]/MédiaVGBB25[[#This Row],[GP]] -> 1 | Y2: 1 | Z2: 1 | AA2: 0 | AB2: 0 | AC2: 9 | AD2: =MédiaVGBB25[[#This Row],[TO]]/MédiaVGBB25[[#This Row],[GP]] -> 4.5 | AE2: -14 | AF2: -6 | AG2: =MédiaVGBB25[[#This Row],[+ / -]]/MédiaVGBB25[[#This Row],[GP]] -> -3 | AH2: =(MédiaVGBB25[[#This Row],[PPG]]/2)*((MédiaVGBB25[[#This Row],[FGA]]/MédiaVGBB25[[#This Row],[GP]])+((0.44)*(MédiaVGBB25[[#This Row],[FTA]]/MédiaVGBB25[[#This Row],[GP]]))) -> 2.25 | AI2: =((MédiaVGBB25[[#This Row],[FGM]]/MédiaVGBB25[[#This Row],[GP]])*(2+((0.5)*(MédiaVGBB25[[#This Row],[3PTM]]/MédiaVGBB25[[#This Row],[GP]])))+(MédiaVGBB25[[#This Row],[FTM]]/MédiaVGBB25[[#This Row],[GP]])+(MédiaVGBB25[[#This Row],[AST]]/MédiaVGBB25[[#This Row],[GP]]))/((MédiaVGBB25[[#This Row],[FGA]]/MédiaVGBB25[[#This Row],[GP]])+(MédiaVGBB25[[#This Row],[TO]]/MédiaVGBB25[[#This Row],[GP]])-(MédiaVGBB25[[#This Row],[OR]]/MédiaVGBB25[[#This Row],[GP]])+((0.44*(MédiaVGBB25[[#This Row],[FTA]]/MédiaVGBB25[[#This Row],[GP]]))))*100 -> 11.764706 | AJ2: =MédiaVGBB25[[#This Row],[PTS]]/(MédiaVGBB25[[#This Row],[FGA]]+MédiaVGBB25[[#This Row],[TO]]-MédiaVGBB25[[#This Row],[OR]]+(0.44*MédiaVGBB25[[#This Row],[FTA]])) -> 0.11764706
A3: EAB | B3: Sofia | C3: 4 | D3: 9 | E3: 0 | F3: =MédiaVGBB25[[#This Row],[PTS]]/MédiaVGBB25[[#This Row],[GP]] -> 0 | G3: 0/11 | H3: 11 | I3: 0 | J3: =MédiaVGBB25[[#This Row],[FGM]]/MédiaVGBB25[[#This Row],[FGA]] -> 0 | K3: 0/9 | L3: 9 | M3: 0 | N3: =MédiaVGBB25[[#This Row],[2PM]]/MédiaVGBB25[[#This Row],[2PA]] -> 0 | O3: 0/2 | P3: 2 | Q3: 0 | R3: =MédiaVGBB25[[#This Row],[3PTM]]/MédiaVGBB25[[#This Row],[3PA]] -> 0 | S3: 0/2 | T3: 2 | U3: 0 | V3: =MédiaVGBB25[[#This Row],[FTM]]/MédiaVGBB25[[#This Row],[FTA]] -> 0 | W3: 12 | X3: =MédiaVGBB25[[#This Row],[REB]]/MédiaVGBB25[[#This Row],[GP]] -> 1.3333333 | Y3: 7 | Z3: 5 | AA3: 1 | AB3: 7 | AC3: 11 | AD3: =MédiaVGBB25[[#This Row],[TO]]/MédiaVGBB25[[#This Row],[GP]] -> 1.2222222 | AE3: -5 | AF3: -21 | AG3: =MédiaVGBB25[[#This Row],[+ / -]]/MédiaVGBB25[[#This Row],[GP]] -> -2.3333333 | AH3: =(MédiaVGBB25[[#This Row],[PPG]]/2)*((MédiaVGBB25[[#This Row],[FGA]]/MédiaVGBB25[[#This Row],[GP]])+((0.44)*(MédiaVGBB25[[#This Row],[FTA]]/MédiaVGBB25[[#This Row],[GP]]))) -> 0 | AI3: =((MédiaVGBB25[[#This Row],[FGM]]/MédiaVGBB25[[#This Row],[GP]])*(2+((0.5)*(MédiaVGBB25[[#This Row],[3PTM]]/MédiaVGBB25[[#This Row],[GP]])))+(MédiaVGBB25[[#This Row],[FTM]]/MédiaVGBB25[[#This Row],[GP]])+(MédiaVGBB25[[#This Row],[AST]]/MédiaVGBB25[[#This Row],[GP]]))/((MédiaVGBB25[[#This Row],[FGA]]/MédiaVGBB25[[#This Row],[GP]])+(MédiaVGBB25[[#This Row],[TO]]/MédiaVGBB25[[#This Row],[GP]])-(MédiaVGBB25[[#This Row],[OR]]/MédiaVGBB25[[#This Row],[GP]])+((0.44*(MédiaVGBB25[[#This Row],[FTA]]/MédiaVGBB25[[#This Row],[GP]]))))*100 -> 6.2972292 | AJ3: =MédiaVGBB25[[#This Row],[PTS]]/(MédiaVGBB25[[#This Row],[FGA]]+MédiaVGBB25[[#This Row],[TO]]-MédiaVGBB25[[#This Row],[OR]]+(0.44*MédiaVGBB25[[#This Row],[FTA]])) -> 0
A4: EAB | B4: Vittoria | C4: 5 | D4: 2 | E4: 2 | F4: =MédiaVGBB25[[#This Row],[PTS]]/MédiaVGBB25[[#This Row],[GP]] -> 1 | G4: 1/9 | H4: 9 | I4: 1 | J4: =MédiaVGBB25[[#This Row],[FGM]]/MédiaVGBB25[[#This Row],[FGA]] -> 0.11111111 | K4: 1/9 | L4: 9 | M4: 1 | N4: =MédiaVGBB25[[#This Row],[2PM]]/MédiaVGBB25[[#This Row],[2PA]] -> 0.11111111 | O4: 0/0 | P4: 0 | Q4: 0 | R4: =MédiaVGBB25[[#This Row],[3PTM]]/MédiaVGBB25[[#This Row],[3PA]] -> #DIV/0! | S4: 0/0 | T4: 0 | U4: 0 | V4: =MédiaVGBB25[[#This Row],[FTM]]/MédiaVGBB25[[#This Row],[FTA]] -> #DIV/0! | W4: 2 | X4: =MédiaVGBB25[[#This Row],[REB]]/MédiaVGBB25[[#This Row],[GP]] -> 1 | Y4: 1 | Z4: 1 | AA4: 0 | AB4: 2 | AC4: 6 | AD4: =MédiaVGBB25[[#This Row],[TO]]/MédiaVGBB25[[#This Row],[GP]] -> 3 | AE4: -8 | AF4: -15 | AG4: =MédiaVGBB25[[#This Row],[+ / -]]/MédiaVGBB25[[#This Row],[GP]] -> -7.5 | AH4: =(MédiaVGBB25[[#This Row],[PPG]]/2)*((MédiaVGBB25[[#This Row],[FGA]]/MédiaVGBB25[[#This Row],[GP]])+((0.44)*(MédiaVGBB25[[#This Row],[FTA]]/MédiaVGBB25[[#This Row],[GP]]))) -> 2.25 | AI4: =((MédiaVGBB25[[#This Row],[FGM]]/MédiaVGBB25[[#This Row],[GP]])*(2+((0.5)*(MédiaVGBB25[[#This Row],[3PTM]]/MédiaVGBB25[[#This Row],[GP]])))+(MédiaVGBB25[[#This Row],[FTM]]/MédiaVGBB25[[#This Row],[GP]])+(MédiaVGBB25[[#This Row],[AST]]/MédiaVGBB25[[#This Row],[GP]]))/((MédiaVGBB25[[#This Row],[FGA]]/MédiaVGBB25[[#This Row],[GP]])+(MédiaVGBB25[[#This Row],[TO]]/MédiaVGBB25[[#This Row],[GP]])-(MédiaVGBB25[[#This Row],[OR]]/MédiaVGBB25[[#This Row],[GP]])+((0.44*(MédiaVGBB25[[#This Row],[FTA]]/MédiaVGBB25[[#This Row],[GP]]))))*100 -> 14.285714 | AJ4: =MédiaVGBB25[[#This Row],[PTS]]/(MédiaVGBB25[[#This Row],[FGA]]+MédiaVGBB25[[#This Row],[TO]]-MédiaVGBB25[[#This Row],[OR]]+(0.44*MédiaVGBB25[[#This Row],[FTA]])) -> 0.14285714
A5: EAB | B5: Jasmin | C5: 7 | D5: 9 | E5: 50 | F5: =MédiaVGBB25[[#This Row],[PTS]]/MédiaVGBB25[[#This Row],[GP]] -> 5.5555556 | G5: 23/89 | H5: 89 | I5: 23 | J5: =MédiaVGBB25[[#This Row],[FGM]]/MédiaVGBB25[[#This Row],[FGA]] -> 0.25842697 | K5: 23/79 | L5: 79 | M5: 23 | N5: =MédiaVGBB25[[#This Row],[2PM]]/MédiaVGBB25[[#This Row],[2PA]] -> 0.29113924 | O5: 0/10 | P5: 10 | Q5: 0 | R5: =MédiaVGBB25[[#This Row],[3PTM]]/MédiaVGBB25[[#This Row],[3PA]] -> 0 | S5: 4/11 | T5: 11 | U5: 4 | V5: =MédiaVGBB25[[#This Row],[FTM]]/MédiaVGBB25[[#This Row],[FTA]] -> 0.36363636 | W5: 46 | X5: =MédiaVGBB25[[#This Row],[REB]]/MédiaVGBB25[[#This Row],[GP]] -> 5.1111111 | Y5: 15 | Z5: 31 | AA5: 10 | AB5: 44 | AC5: 55 | AD5: =MédiaVGBB25[[#This Row],[TO]]/MédiaVGBB25[[#This Row],[GP]] -> 6.1111111 | AE5: 19 | AF5: -60 | AG5: =MédiaVGBB25[[#This Row],[+ / -]]/MédiaVGBB25[[#This Row],[GP]] -> -6.6666667 | AH5: =(MédiaVGBB25[[#This Row],[PPG]]/2)*((MédiaVGBB25[[#This Row],[FGA]]/MédiaVGBB25[[#This Row],[GP]])+((0.44)*(MédiaVGBB25[[#This Row],[FTA]]/MédiaVGBB25[[#This Row],[GP]]))) -> 28.962963 | AI5: =((MédiaVGBB25[[#This Row],[FGM]]/MédiaVGBB25[[#This Row],[GP]])*(2+((0.5)*(MédiaVGBB25[[#This Row],[3PTM]]/MédiaVGBB25[[#This Row],[GP]])))+(MédiaVGBB25[[#This Row],[FTM]]/MédiaVGBB25[[#This Row],[GP]])+(MédiaVGBB25[[#This Row],[AST]]/MédiaVGBB25[[#This Row],[GP]]))/((MédiaVGBB25[[#This Row],[FGA]]/MédiaVGBB25[[#This Row],[GP]])+(MédiaVGBB25[[#This Row],[TO]]/MédiaVGBB25[[#This Row],[GP]])-(MédiaVGBB25[[#This Row],[OR]]/MédiaVGBB25[[#This Row],[GP]])+((0.44*(MédiaVGBB25[[#This Row],[FTA]]/MédiaVGBB25[[#This Row],[GP]]))))*100 -> 44.829647 | AJ5: =MédiaVGBB25[[#This Row],[PTS]]/(MédiaVGBB25[[#This Row],[FGA]]+MédiaVGBB25[[#This Row],[TO]]-MédiaVGBB25[[#This Row],[OR]]+(0.44*MédiaVGBB25[[#This Row],[FTA]])) -> 0.37358039
A6: EAB | B6: Laura | C6: 8 | D6: 9 | E6: 53 | F6: =MédiaVGBB25[[#This Row],[PTS]]/MédiaVGBB25[[#This Row],[GP]] -> 5.8888889 | G6: 24/105 | H6: 105 | I6: 24 | J6: =MédiaVGBB25[[#This Row],[FGM]]/MédiaVGBB25[[#This Row],[FGA]] -> 0.22857143 | K6: 21/78 | L6: 78 | M6: 21 | N6: =MédiaVGBB25[[#This Row],[2PM]]/MédiaVGBB25[[#This Row],[2PA]] -> 0.26923077 | O6: 3/27 | P6: 27 | Q6: 3 | R6: =MédiaVGBB25[[#This Row],[3PTM]]/MédiaVGBB25[[#This Row],[3PA]] -> 0.11111111 | S6: 2/13 | T6: 13 | U6: 2 | V6: =MédiaVGBB25[[#This Row],[FTM]]/MédiaVGBB25[[#This Row],[FTA]] -> 0.15384615 | W6: 83 | X6: =MédiaVGBB25[[#This Row],[REB]]/MédiaVGBB25[[#This Row],[GP]] -> 9.2222222 | Y6: 22 | Z6: 61 | AA6: 6 | AB6: 24 | AC6: 58 | AD6: =MédiaVGBB25[[#This Row],[TO]]/MédiaVGBB25[[#This Row],[GP]] -> 6.4444444 | AE6: 12 | AF6: -92 | AG6: =MédiaVGBB25[[#This Row],[+ / -]]/MédiaVGBB25[[#This Row],[GP]] -> -10.222222 | AH6: =(MédiaVGBB25[[#This Row],[PPG]]/2)*((MédiaVGBB25[[#This Row],[FGA]]/MédiaVGBB25[[#This Row],[GP]])+((0.44)*(MédiaVGBB25[[#This Row],[FTA]]/MédiaVGBB25[[#This Row],[GP]]))) -> 36.22321 | AI6: =((MédiaVGBB25[[#This Row],[FGM]]/MédiaVGBB25[[#This Row],[GP]])*(2+((0.5)*(MédiaVGBB25[[#This Row],[3PTM]]/MédiaVGBB25[[#This Row],[GP]])))+(MédiaVGBB25[[#This Row],[FTM]]/MédiaVGBB25[[#This Row],[GP]])+(MédiaVGBB25[[#This Row],[AST]]/MédiaVGBB25[[#This Row],[GP]]))/((MédiaVGBB25[[#This Row],[FGA]]/MédiaVGBB25[[#This Row],[GP]])+(MédiaVGBB25[[#This Row],[TO]]/MédiaVGBB25[[#This Row],[GP]])-(MédiaVGBB25[[#This Row],[OR]]/MédiaVGBB25[[#This Row],[GP]])+((0.44*(MédiaVGBB25[[#This Row],[FTA]]/MédiaVGBB25[[#This Row],[GP]]))))*100 -> 40.89422 | AJ6: =MédiaVGBB25[[#This Row],[PTS]]/(MédiaVGBB25[[#This Row],[FGA]]+MédiaVGBB25[[#This Row],[TO]]-MédiaVGBB25[[#This Row],[OR]]+(0.44*MédiaVGBB25[[#This Row],[FTA]])) -> 0.36123228
A7: EAB | B7: Giovanna | C7: 9 | D7: 1 | E7: 0 | F7: =MédiaVGBB25[[#This Row],[PTS]]/MédiaVGBB25[[#This Row],[GP]] -> 0 | G7: 0/0 | H7: 0 | I7: 0 | J7: =MédiaVGBB25[[#This Row],[FGM]]/MédiaVGBB25[[#This Row],[FGA]] -> #DIV/0! | K7: 0/0 | L7: 0 | M7: 0 | N7: =MédiaVGBB25[[#This Row],[2PM]]/MédiaVGBB25[[#This Row],[2PA]] -> #DIV/0! | O7: 0/0 | P7: 0 | Q7: 0 | R7: =MédiaVGBB25[[#This Row],[3PTM]]/MédiaVGBB25[[#This Row],[3PA]] -> #DIV/0! | S7: 0/0 | T7: 0 | U7: 0 | V7: =MédiaVGBB25[[#This Row],[FTM]]/MédiaVGBB25[[#This Row],[FTA]] -> #DIV/0! | W7: 0 | X7: =MédiaVGBB25[[#This Row],[REB]]/MédiaVGBB25[[#This Row],[GP]] -> 0 | Y7: 0 | Z7: 0 | AA7: 0 | AB7: 0 | AC7: 0 | AD7: =MédiaVGBB25[[#This Row],[TO]]/MédiaVGBB25[[#This Row],[GP]] -> 0 | AE7: 0 | AF7: 0 | AG7: =MédiaVGBB25[[#This Row],[+ / -]]/MédiaVGBB25[[#This Row],[GP]] -> 0 | AH7: =(MédiaVGBB25[[#This Row],[PPG]]/2)*((MédiaVGBB25[[#This Row],[FGA]]/MédiaVGBB25[[#This Row],[GP]])+((0.44)*(MédiaVGBB25[[#This Row],[FTA]]/MédiaVGBB25[[#This Row],[GP]]))) -> 0 | AI7: =((MédiaVGBB25[[#This Row],[FGM]]/MédiaVGBB25[[#This Row],[GP]])*(2+((0.5)*(MédiaVGBB25[[#This Row],[3PTM]]/MédiaVGBB25[[#This Row],[GP]])))+(MédiaVGBB25[[#This Row],[FTM]]/MédiaVGBB25[[#This Row],[GP]])+(MédiaVGBB25[[#This Row],[AST]]/MédiaVGBB25[[#This Row],[GP]]))/((MédiaVGBB25[[#This Row],[FGA]]/MédiaVGBB25[[#This Row],[GP]])+(MédiaVGBB25[[#This Row],[TO]]/MédiaVGBB25[[#This Row],[GP]])-(MédiaVGBB25[[#This Row],[OR]]/MédiaVGBB25[[#This Row],[GP]])+((0.44*(MédiaVGBB25[[#This Row],[FTA]]/MédiaVGBB25[[#This Row],[GP]]))))*100 -> #DIV/0! | AJ7: =MédiaVGBB25[[#This Row],[PTS]]/(MédiaVGBB25[[#This Row],[FGA]]+MédiaVGBB25[[#This Row],[TO]]-MédiaVGBB25[[#This Row],[OR]]+(0.44*MédiaVGBB25[[#This Row],[FTA]])) -> #DIV/0!
A8: EAB | B8: Beatriz | C8: 10 | D8: 3 | E8: 6 | F8: =MédiaVGBB25[[#This Row],[PTS]]/MédiaVGBB25[[#This Row],[GP]] -> 2 | G8: 2/31 | H8: 31 | I8: 2 | J8: =MédiaVGBB25[[#This Row],[FGM]]/MédiaVGBB25[[#This Row],[FGA]] -> 0.064516129 | K8: 2/13 | L8: 13 | M8: 2 | N8: =MédiaVGBB25[[#This Row],[2PM]]/MédiaVGBB25[[#This Row],[2PA]] -> 0.15384615 | O8: 0/18 | P8: 18 | Q8: 0 | R8: =MédiaVGBB25[[#This Row],[3PTM]]/MédiaVGBB25[[#This Row],[3PA]] -> 0 | S8: 2/4 | T8: 4 | U8: 2 | V8: =MédiaVGBB25[[#This Row],[FTM]]/MédiaVGBB25[[#This Row],[FTA]] -> 0.5 | W8: 10 | X8: =MédiaVGBB25[[#This Row],[REB]]/MédiaVGBB25[[#This Row],[GP]] -> 3.3333333 | Y8: 1 | Z8: 9 | AA8: 0 | AB8: 4 | AC8: 18 | AD8: =MédiaVGBB25[[#This Row],[TO]]/MédiaVGBB25[[#This Row],[GP]] -> 6 | AE8: -31 | AF8: -39 | AG8: =MédiaVGBB25[[#This Row],[+ / -]]/MédiaVGBB25[[#This Row],[GP]] -> -13 | AH8: =(MédiaVGBB25[[#This Row],[PPG]]/2)*((MédiaVGBB25[[#This Row],[FGA]]/MédiaVGBB25[[#This Row],[GP]])+((0.44)*(MédiaVGBB25[[#This Row],[FTA]]/MédiaVGBB25[[#This Row],[GP]]))) -> 10.92 | AI8: =((MédiaVGBB25[[#This Row],[FGM]]/MédiaVGBB25[[#This Row],[GP]])*(2+((0.5)*(MédiaVGBB25[[#This Row],[3PTM]]/MédiaVGBB25[[#This Row],[GP]])))+(MédiaVGBB25[[#This Row],[FTM]]/MédiaVGBB25[[#This Row],[GP]])+(MédiaVGBB25[[#This Row],[AST]]/MédiaVGBB25[[#This Row],[GP]]))/((MédiaVGBB25[[#This Row],[FGA]]/MédiaVGBB25[[#This Row],[GP]])+(MédiaVGBB25[[#This Row],[TO]]/MédiaVGBB25[[#This Row],[GP]])-(MédiaVGBB25[[#This Row],[OR]]/MédiaVGBB25[[#This Row],[GP]])+((0.44*(MédiaVGBB25[[#This Row],[FTA]]/MédiaVGBB25[[#This Row],[GP]]))))*100 -> 12.057878 | AJ8: =MédiaVGBB25[[#This Row],[PTS]]/(MédiaVGBB25[[#This Row],[FGA]]+MédiaVGBB25[[#This Row],[TO]]-MédiaVGBB25[[#This Row],[OR]]+(0.44*MédiaVGBB25[[#This Row],[FTA]])) -> 0.12057878
A9: EAB | B9: Maria Beatriz | C9: 11 | D9: 2 | E9: 0 | F9: =MédiaVGBB25[[#This Row],[PTS]]/MédiaVGBB25[[#This Row],[GP]] -> 0 | G9: 0/0 | H9: 0 | I9: 0 | J9: =MédiaVGBB25[[#This Row],[FGM]]/MédiaVGBB25[[#This Row],[FGA]] -> #DIV/0! | K9: 0/0 | L9: 0 | M9: 0 | N9: =MédiaVGBB25[[#This Row],[2PM]]/MédiaVGBB25[[#This Row],[2PA]] -> #DIV/0! | O9: 0/0 | P9: 0 | Q9: 0 | R9: =MédiaVGBB25[[#This Row],[3PTM]]/MédiaVGBB25[[#This Row],[3PA]] -> #DIV/0! | S9: 0/0 | T9: 0 | U9: 0 | V9: =MédiaVGBB25[[#This Row],[FTM]]/MédiaVGBB25[[#This Row],[FTA]] -> #DIV/0! | W9: 1 | X9: =MédiaVGBB25[[#This Row],[REB]]/MédiaVGBB25[[#This Row],[GP]] -> 0.5 | Y9: 0 | Z9: 1 | AA9: 0 | AB9: 0 | AC9: 1 | AD9: =MédiaVGBB25[[#This Row],[TO]]/MédiaVGBB25[[#This Row],[GP]] -> 0.5 | AE9: 0 | AF9: -4 | AG9: =MédiaVGBB25[[#This Row],[+ / -]]/MédiaVGBB25[[#This Row],[GP]] -> -2 | AH9: =(MédiaVGBB25[[#This Row],[PPG]]/2)*((MédiaVGBB25[[#This Row],[FGA]]/MédiaVGBB25[[#This Row],[GP]])+((0.44)*(MédiaVGBB25[[#This Row],[FTA]]/MédiaVGBB25[[#This Row],[GP]]))) -> 0 | AI9: =((MédiaVGBB25[[#This Row],[FGM]]/MédiaVGBB25[[#This Row],[GP]])*(2+((0.5)*(MédiaVGBB25[[#This Row],[3PTM]]/MédiaVGBB25[[#This Row],[GP]])))+(MédiaVGBB25[[#This Row],[FTM]]/MédiaVGBB25[[#This Row],[GP]])+(MédiaVGBB25[[#This Row],[AST]]/MédiaVGBB25[[#This Row],[GP]]))/((MédiaVGBB25[[#This Row],[FGA]]/MédiaVGBB25[[#This Row],[GP]])+(MédiaVGBB25[[#This Row],[TO]]/MédiaVGBB25[[#This Row],[GP]])-(MédiaVGBB25[[#This Row],[OR]]/MédiaVGBB25[[#This Row],[GP]])+((0.44*(MédiaVGBB25[[#This Row],[FTA]]/MédiaVGBB25[[#This Row],[GP]]))))*100 -> 0 | AJ9: =MédiaVGBB25[[#This Row],[PTS]]/(MédiaVGBB25[[#This Row],[FGA]]+MédiaVGBB25[[#This Row],[TO]]-MédiaVGBB25[[#This Row],[OR]]+(0.44*MédiaVGBB25[[#This Row],[FTA]])) -> 0
A10: EAB | B10: Isadora | C10: 12 | D10: 8 | E10: 30 | F10: =MédiaVGBB25[[#This Row],[PTS]]/MédiaVGBB25[[#This Row],[GP]] -> 3.75 | G10: 13/72 | H10: 72 | I10: 13 | J10: =MédiaVGBB25[[#This Row],[FGM]]/MédiaVGBB25[[#This Row],[FGA]] -> 0.18055556 | K10: 10/47 | L10: 47 | M10: 10 | N10: =MédiaVGBB25[[#This Row],[2PM]]/MédiaVGBB25[[#This Row],[2PA]] -> 0.21276596 | O10: 3/25 | P10: 25 | Q10: 3 | R10: =MédiaVGBB25[[#This Row],[3PTM]]/MédiaVGBB25[[#This Row],[3PA]] -> 0.12 | S10: 1/12 | T10: 12 | U10: 1 | V10: =MédiaVGBB25[[#This Row],[FTM]]/MédiaVGBB25[[#This Row],[FTA]] -> 0.083333333 | W10: 34 | X10: =MédiaVGBB25[[#This Row],[REB]]/MédiaVGBB25[[#This Row],[GP]] -> 4.25 | Y10: 15 | Z10: 19 | AA10: 11 | AB10: 15 | AC10: 61 | AD10: =MédiaVGBB25[[#This Row],[TO]]/MédiaVGBB25[[#This Row],[GP]] -> 7.625 | AE10: -53 | AF10: -55 | AG10: =MédiaVGBB25[[#This Row],[+ / -]]/MédiaVGBB25[[#This Row],[GP]] -> -6.875 | AH10: =(MédiaVGBB25[[#This Row],[PPG]]/2)*((MédiaVGBB25[[#This Row],[FGA]]/MédiaVGBB25[[#This Row],[GP]])+((0.44)*(MédiaVGBB25[[#This Row],[FTA]]/MédiaVGBB25[[#This Row],[GP]]))) -> 18.1125 | AI10: =((MédiaVGBB25[[#This Row],[FGM]]/MédiaVGBB25[[#This Row],[GP]])*(2+((0.5)*(MédiaVGBB25[[#This Row],[3PTM]]/MédiaVGBB25[[#This Row],[GP]])))+(MédiaVGBB25[[#This Row],[FTM]]/MédiaVGBB25[[#This Row],[GP]])+(MédiaVGBB25[[#This Row],[AST]]/MédiaVGBB25[[#This Row],[GP]]))/((MédiaVGBB25[[#This Row],[FGA]]/MédiaVGBB25[[#This Row],[GP]])+(MédiaVGBB25[[#This Row],[TO]]/MédiaVGBB25[[#This Row],[GP]])-(MédiaVGBB25[[#This Row],[OR]]/MédiaVGBB25[[#This Row],[GP]])+((0.44*(MédiaVGBB25[[#This Row],[FTA]]/MédiaVGBB25[[#This Row],[GP]]))))*100 -> 32.801347 | AJ10: =MédiaVGBB25[[#This Row],[PTS]]/(MédiaVGBB25[[#This Row],[FGA]]+MédiaVGBB25[[#This Row],[TO]]-MédiaVGBB25[[#This Row],[OR]]+(0.44*MédiaVGBB25[[#This Row],[FTA]])) -> 0.24334848
A11: EAB | B11: Manuela | C11: 16 | D11: 10 | E11: 13 | F11: =MédiaVGBB25[[#This Row],[PTS]]/MédiaVGBB25[[#This Row],[GP]] -> 1.3 | G11: 4/23 | H11: 23 | I11: 4 | J11: =MédiaVGBB25[[#This Row],[FGM]]/MédiaVGBB25[[#This Row],[FGA]] -> 0.17391304 | K11: 3/15 | L11: 15 | M11: 3 | N11: =MédiaVGBB25[[#This Row],[2PM]]/MédiaVGBB25[[#This Row],[2PA]] -> 0.2 | O11: 1/8 | P11: 8 | Q11: 1 | R11: =MédiaVGBB25[[#This Row],[3PTM]]/MédiaVGBB25[[#This Row],[3PA]] -> 0.125 | S11: 4/10 | T11: 10 | U11: 4 | V11: =MédiaVGBB25[[#This Row],[FTM]]/MédiaVGBB25[[#This Row],[FTA]] -> 0.4 | W11: 31 | X11: =MédiaVGBB25[[#This Row],[REB]]/MédiaVGBB25[[#This Row],[GP]] -> 3.1 | Y11: 8 | Z11: 23 | AA11: 6 | AB11: 34 | AC11: 86 | AD11: =MédiaVGBB25[[#This Row],[TO]]/MédiaVGBB25[[#This Row],[GP]] -> 8.6 | AE11: -35 | AF11: -46 | AG11: =MédiaVGBB25[[#This Row],[+ / -]]/MédiaVGBB25[[#This Row],[GP]] -> -4.6 | AH11: =(MédiaVGBB25[[#This Row],[PPG]]/2)*((MédiaVGBB25[[#This Row],[FGA]]/MédiaVGBB25[[#This Row],[GP]])+((0.44)*(MédiaVGBB25[[#This Row],[FTA]]/MédiaVGBB25[[#This Row],[GP]]))) -> 1.781 | AI11: =((MédiaVGBB25[[#This Row],[FGM]]/MédiaVGBB25[[#This Row],[GP]])*(2+((0.5)*(MédiaVGBB25[[#This Row],[3PTM]]/MédiaVGBB25[[#This Row],[GP]])))+(MédiaVGBB25[[#This Row],[FTM]]/MédiaVGBB25[[#This Row],[GP]])+(MédiaVGBB25[[#This Row],[AST]]/MédiaVGBB25[[#This Row],[GP]]))/((MédiaVGBB25[[#This Row],[FGA]]/MédiaVGBB25[[#This Row],[GP]])+(MédiaVGBB25[[#This Row],[TO]]/MédiaVGBB25[[#This Row],[GP]])-(MédiaVGBB25[[#This Row],[OR]]/MédiaVGBB25[[#This Row],[GP]])+((0.44*(MédiaVGBB25[[#This Row],[FTA]]/MédiaVGBB25[[#This Row],[GP]]))))*100 -> 17.267552 | AJ11: =MédiaVGBB25[[#This Row],[PTS]]/(MédiaVGBB25[[#This Row],[FGA]]+MédiaVGBB25[[#This Row],[TO]]-MédiaVGBB25[[#This Row],[OR]]+(0.44*MédiaVGBB25[[#This Row],[FTA]])) -> 0.12333966
A12: EAB | B12: Tess | C12: 17 | D12: 9 | E12: 0 | F12: =MédiaVGBB25[[#This Row],[PTS]]/MédiaVGBB25[[#This Row],[GP]] -> 0 | G12: 0/7 | H12: 7 | I12: 0 | J12: =MédiaVGBB25[[#This Row],[FGM]]/MédiaVGBB25[[#This Row],[FGA]] -> 0 | K12: 0/6 | L12: 6 | M12: 0 | N12: =MédiaVGBB25[[#This Row],[2PM]]/MédiaVGBB25[[#This Row],[2PA]] -> 0 | O12: 0/1 | P12: 1 | Q12: 0 | R12: =MédiaVGBB25[[#This Row],[3PTM]]/MédiaVGBB25[[#This Row],[3PA]] -> 0 | S12: 0/2 | T12: 2 | U12: 0 | V12: =MédiaVGBB25[[#This Row],[FTM]]/MédiaVGBB25[[#This Row],[FTA]] -> 0 | W12: 10 | X12: =MédiaVGBB25[[#This Row],[REB]]/MédiaVGBB25[[#This Row],[GP]] -> 1.1111111 | Y12: 7 | Z12: 3 | AA12: 2 | AB12: 9 | AC12: 20 | AD12: =MédiaVGBB25[[#This Row],[TO]]/MédiaVGBB25[[#This Row],[GP]] -> 2.2222222 | AE12: -9 | AF12: -47 | AG12: =MédiaVGBB25[[#This Row],[+ / -]]/MédiaVGBB25[[#This Row],[GP]] -> -5.2222222 | AH12: =(MédiaVGBB25[[#This Row],[PPG]]/2)*((MédiaVGBB25[[#This Row],[FGA]]/MédiaVGBB25[[#This Row],[GP]])+((0.44)*(MédiaVGBB25[[#This Row],[FTA]]/MédiaVGBB25[[#This Row],[GP]]))) -> 0 | AI12: =((MédiaVGBB25[[#This Row],[FGM]]/MédiaVGBB25[[#This Row],[GP]])*(2+((0.5)*(MédiaVGBB25[[#This Row],[3PTM]]/MédiaVGBB25[[#This Row],[GP]])))+(MédiaVGBB25[[#This Row],[FTM]]/MédiaVGBB25[[#This Row],[GP]])+(MédiaVGBB25[[#This Row],[AST]]/MédiaVGBB25[[#This Row],[GP]]))/((MédiaVGBB25[[#This Row],[FGA]]/MédiaVGBB25[[#This Row],[GP]])+(MédiaVGBB25[[#This Row],[TO]]/MédiaVGBB25[[#This Row],[GP]])-(MédiaVGBB25[[#This Row],[OR]]/MédiaVGBB25[[#This Row],[GP]])+((0.44*(MédiaVGBB25[[#This Row],[FTA]]/MédiaVGBB25[[#This Row],[GP]]))))*100 -> 9.5785441 | AJ12: =MédiaVGBB25[[#This Row],[PTS]]/(MédiaVGBB25[[#This Row],[FGA]]+MédiaVGBB25[[#This Row],[TO]]-MédiaVGBB25[[#This Row],[OR]]+(0.44*MédiaVGBB25[[#This Row],[FTA]])) -> 0
A13: EAB | B13: Rosa | C13: 20 | D13: 10 | E13: 4 | F13: =MédiaVGBB25[[#This Row],[PTS]]/MédiaVGBB25[[#This Row],[GP]] -> 0.4 | G13: 2/20 | H13: 20 | I13: 2 | J13: =MédiaVGBB25[[#This Row],[FGM]]/MédiaVGBB25[[#This Row],[FGA]] -> 0.1 | K13: 2/19 | L13: 19 | M13: 19 | N13: =MédiaVGBB25[[#This Row],[2PM]]/MédiaVGBB25[[#This Row],[2PA]] -> 1 | O13: 0/1 | P13: 1 | Q13: 0 | R13: =MédiaVGBB25[[#This Row],[3PTM]]/MédiaVGBB25[[#This Row],[3PA]] -> 0 | S13: 0/4 | T13: 4 | U13: 0 | V13: =MédiaVGBB25[[#This Row],[FTM]]/MédiaVGBB25[[#This Row],[FTA]] -> 0 | W13: 44 | X13: =MédiaVGBB25[[#This Row],[REB]]/MédiaVGBB25[[#This Row],[GP]] -> 4.4 | Y13: 20 | Z13: 24 | AA13: 0 | AB13: 6 | AC13: 14 | AD13: =MédiaVGBB25[[#This Row],[TO]]/MédiaVGBB25[[#This Row],[GP]] -> 1.4 | AE13: 6 | AF13: -89 | AG13: =MédiaVGBB25[[#This Row],[+ / -]]/MédiaVGBB25[[#This Row],[GP]] -> -8.9 | AH13: =(MédiaVGBB25[[#This Row],[PPG]]/2)*((MédiaVGBB25[[#This Row],[FGA]]/MédiaVGBB25[[#This Row],[GP]])+((0.44)*(MédiaVGBB25[[#This Row],[FTA]]/MédiaVGBB25[[#This Row],[GP]]))) -> 0.4352 | AI13: =((MédiaVGBB25[[#This Row],[FGM]]/MédiaVGBB25[[#This Row],[GP]])*(2+((0.5)*(MédiaVGBB25[[#This Row],[3PTM]]/MédiaVGBB25[[#This Row],[GP]])))+(MédiaVGBB25[[#This Row],[FTM]]/MédiaVGBB25[[#This Row],[GP]])+(MédiaVGBB25[[#This Row],[AST]]/MédiaVGBB25[[#This Row],[GP]]))/((MédiaVGBB25[[#This Row],[FGA]]/MédiaVGBB25[[#This Row],[GP]])+(MédiaVGBB25[[#This Row],[TO]]/MédiaVGBB25[[#This Row],[GP]])-(MédiaVGBB25[[#This Row],[OR]]/MédiaVGBB25[[#This Row],[GP]])+((0.44*(MédiaVGBB25[[#This Row],[FTA]]/MédiaVGBB25[[#This Row],[GP]]))))*100 -> 25.380711 | AJ13: =MédiaVGBB25[[#This Row],[PTS]]/(MédiaVGBB25[[#This Row],[FGA]]+MédiaVGBB25[[#This Row],[TO]]-MédiaVGBB25[[#This Row],[OR]]+(0.44*MédiaVGBB25[[#This Row],[FTA]])) -> 0.25380711
A14: EAB | B14: Total | C14: -- | D14: 10 | E14: 160 | F14: =MédiaVGBB25[[#This Row],[PTS]]/MédiaVGBB25[[#This Row],[GP]] -> 16 | G14: 70/376 | H14: 376 | I14: 70 | J14: =MédiaVGBB25[[#This Row],[FGM]]/MédiaVGBB25[[#This Row],[FGA]] -> 0.18617021 | K14: 63/279 | L14: 279 | M14: 63 | N14: =MédiaVGBB25[[#This Row],[2PM]]/MédiaVGBB25[[#This Row],[2PA]] -> 0.22580645 | O14: 7/97 | P14: 97 | Q14: 7 | R14: =MédiaVGBB25[[#This Row],[3PTM]]/MédiaVGBB25[[#This Row],[3PA]] -> 0.072164948 | S14: 13/58 | T14: 58 | U14: 13 | V14: =MédiaVGBB25[[#This Row],[FTM]]/MédiaVGBB25[[#This Row],[FTA]] -> 0.22413793 | W14: 275 | X14: =MédiaVGBB25[[#This Row],[REB]]/MédiaVGBB25[[#This Row],[GP]] -> 27.5 | Y14: 97 | Z14: 178 | AA14: 36 | AB14: 145 | AC14: 339 | AD14: =MédiaVGBB25[[#This Row],[TO]]/MédiaVGBB25[[#This Row],[GP]] -> 33.9 | AE14: -118 | AF14: -474 | AG14: =MédiaVGBB25[[#This Row],[+ / -]]/MédiaVGBB25[[#This Row],[GP]] -> -47.4 | AH14: =(MédiaVGBB25[[#This Row],[PPG]]/2)*((MédiaVGBB25[[#This Row],[FGA]]/MédiaVGBB25[[#This Row],[GP]])+((0.44)*(MédiaVGBB25[[#This Row],[FTA]]/MédiaVGBB25[[#This Row],[GP]]))) -> 321.216 | AI14: =((MédiaVGBB25[[#This Row],[FGM]]/MédiaVGBB25[[#This Row],[GP]])*(2+((0.5)*(MédiaVGBB25[[#This Row],[3PTM]]/MédiaVGBB25[[#This Row],[GP]])))+(MédiaVGBB25[[#This Row],[FTM]]/MédiaVGBB25[[#This Row],[GP]])+(MédiaVGBB25[[#This Row],[AST]]/MédiaVGBB25[[#This Row],[GP]]))/((MédiaVGBB25[[#This Row],[FGA]]/MédiaVGBB25[[#This Row],[GP]])+(MédiaVGBB25[[#This Row],[TO]]/MédiaVGBB25[[#This Row],[GP]])-(MédiaVGBB25[[#This Row],[OR]]/MédiaVGBB25[[#This Row],[GP]])+((0.44*(MédiaVGBB25[[#This Row],[FTA]]/MédiaVGBB25[[#This Row],[GP]]))))*100 -> 33.176902 | AJ14: =MédiaVGBB25[[#This Row],[PTS]]/(MédiaVGBB25[[#This Row],[FGA]]+MédiaVGBB25[[#This Row],[TO]]-MédiaVGBB25[[#This Row],[OR]]+(0.44*MédiaVGBB25[[#This Row],[FTA]])) -> 0.24863252

Sheet MVP
A1: GP | B1: (Vários itens)
A3: Rótulos de Linha | B3: PPG | C3: EFF | D3: ASS/TO | E3: TS%(x100) | F3: ORTG(x100) | G3: AVG. +/- | H3: Soma de AVG.REB
A4: Jasmin | B4: 5.5555556 | C4: 19 | D4: 0.18181818 | E4: 28.962963 | F4: 44.829647 | G4: -6.6666667 | H4: 5.1111111
A5: Laura | B5: 5.8888889 | C5: 12 | D5: 0.10344828 | E5: 36.22321 | F5: 40.89422 | G5: -10.222222 | H5: 9.2222222
A6: Isadora | B6: 3.75 | C6: -53 | D6: 0.18032787 | E6: 18.1125 | F6: 32.801347 | G6: -6.875 | H6: 4.25
A12: Player | B12: Pontuação MVP
A13: Jasmin | B13: =2+1+4+2+1+2+1 -> 13 | D13: Player | E13: No. | F13: PTS | G13: REB | H13: STL | I13: ORTG
A14: Laura | B14: =1+2+7+1+3+1+2 -> 17 | D14: Jasmin | E14: 7 | F14: 50 | G14: 46 | H14: 44 | I14: 0.44829647
A15: Isadora | B15: =3+7+5+4+1+3+3 -> 26
A16: Manuela | B16: =4+6+2+5+5+4+5 -> 31
A17: Rosa | B17: =4+5+6+3+6+3+5 -> 32
A18: Tess | B18: =6+6+4+6+3+5+6 -> 36
A19: Sofia | B19: =7+7+7+7+1+4+7 -> 40

Sheet MIP Dados
A1: Player | B1: No. | C1: GP | D1: PPG | E1: ΔREB | F1: AST/TO | G1: ΔEFF | H1: ΔPlus/Minus | I1: Pontuação MIP
A2: Sofia | B2: 4 | C2: 9 | D2: ='Média VGBB25'!F3-Jogo_2[[#This Row],[PTS]] -> 0 | E2: =('Média VGBB25'!W3/'Média VGBB25'!D3)-Jogo_2[[#This Row],[REB]] -> 1.3333333 | F2: ='Média VGBB25'!AA3/'Média VGBB25'!AC3 -> 0.090909091 | G2: =(-5/9)-0 -> -0.55555556 | H2: =('Média VGBB25'!AF3/C2)-Jogo_2[[#This Row],[+ / -]] -> -0.33333333 | I2: =SUM(MIP_Dados[[#This Row],[PPG]:[ΔPlus/Minus]]) -> 0.53535354
A3: Jasmin | B3: 7 | C3: 9 | D3: ='Média VGBB25'!F5-'Jogo 1'!D4 -> -2.4444444 | E3: =('Média VGBB25'!W5/'Média VGBB25'!D5)-'Jogo 1'!Q4 -> 0.11111111 | F3: ='Média VGBB25'!AA5/'Média VGBB25'!AC5 -> 0.18181818 | G3: =('Média VGBB25'!AE5/C3)-'Jogo 1'!W4 -> 1.1111111 | H3: =('Média VGBB25'!AF5/C3)-'Jogo 1'!X4 -> 2.3333333 | I3: =SUM(MIP_Dados[[#This Row],[PPG]:[ΔPlus/Minus]]) -> 1.2929293
A4: Laura | B4: 8 | C4: 9 | D4: ='Média VGBB25'!F6-'Jogo 1'!D5 -> 3.8888889 | E4: =('Média VGBB25'!W6/'Média VGBB25'!D6)-'Jogo 1'!Q5 -> 0.22222222 | F4: ='Média VGBB25'!AA6/'Média VGBB25'!AC6 -> 0.10344828 | G4: =('Média VGBB25'!AE6/C4)-'Jogo 1'!W5 -> 2.3333333 | H4: =('Média VGBB25'!AF6/C4)-'Jogo 1'!X5 -> 5.7777778 | I4: =SUM(MIP_Dados[[#This Row],[PPG]:[ΔPlus/Minus]]) -> 12.32567
A5: Isadora | B5: 12 | C5: 8 | D5: ='Média VGBB25'!F10-'Jogo 1'!D7 -> 0.75 | E5: =('Média VGBB25'!W10/'Média VGBB25'!D10)-'Jogo 1'!Q7 -> 0.25 | F5: ='Média VGBB25'!AA10/'Média VGBB25'!AC10 -> 0.18032787 | G5: =('Média VGBB25'!AE10/C5)-'Jogo 1'!W7 -> 5.375 | H5: =('Média VGBB25'!AF10/C5)-'Jogo 1'!X7 -> 7.125 | I5: =SUM(MIP_Dados[[#This Row],[PPG]:[ΔPlus/Minus]]) -> 13.680328
A6: Manuela | B6: 16 | C6: 10 | D6: ='Média VGBB25'!F11-'Jogo 1'!D8 -> 1.3 | E6: =('Média VGBB25'!W11/'Média VGBB25'!D11)-'Jogo 1'!Q8 -> 3.1 | F6: ='Média VGBB25'!AA11/'Média VGBB25'!AC11 -> 0.069767442 | G6: =('Média VGBB25'!AE11/C6)-'Jogo 1'!W8 -> 7.5 | H6: =('Média VGBB25'!AF11/C6)-'Jogo 1'!X8 -> 2.4 | I6: =SUM(MIP_Dados[[#This Row],[PPG]:[ΔPlus/Minus]]) -> 14.369767
A7: Tess | B7: 17 | C7: 9 | D7: ='Média VGBB25'!F12-'Jogo 1'!D9 -> 0 | E7: =('Média VGBB25'!W12/'Média VGBB25'!D12)-'Jogo 1'!Q9 -> 0.11111111 | F7: ='Média VGBB25'!AA12/'Média VGBB25'!AC12 -> 0.1 | G7: =('Média VGBB25'!AE12/C7)-'Jogo 1'!W9 -> 0 | H7: =('Média VGBB25'!AF12/C7)-'Jogo 1'!X9 -> 3.7777778 | I7: =SUM(MIP_Dados[[#This Row],[PPG]:[ΔPlus/Minus]]) -> 3.9888889
A8: Rosa | B8: 20 | C8: 10 | D8: ='Média VGBB25'!F13-'Jogo 1'!D10 -> 0.4 | E8: =('Média VGBB25'!W13/'Média VGBB25'!D13)-'Jogo 1'!Q10 -> -2.6 | F8: ='Média VGBB25'!AA13/'Média VGBB25'!AC13 -> 0 | G8: =('Média VGBB25'!AE13/C8)-'Jogo 1'!W10 -> 0.6 | H8: =('Média VGBB25'!AF13/C8)-'Jogo 1'!X10 -> 0.1 | I8: =SUM(MIP_Dados[[#This Row],[PPG]:[ΔPlus/Minus]]) -> -1.5

Sheet MIP
B3: Soma de ΔPPG | C3: Soma de ΔREB | D3: Soma de AST/TO | E3: Soma de ΔEFF | F3: Soma de Δ+ / - | G3: Soma de Pontuação MIP
A4: Manuela | B4: 1.3 | C4: 3.1 | D4: 0.069767442 | E4: 7.5 | F4: 2.4 | G4: 14.369767
A5: Isadora | B5: 0.75 | C5: 0.25 | D5: 0.18032787 | E5: 5.375 | F5: 7.125 | G5: 13.680328
A6: Laura | B6: 3.8888889 | C6: 0.22222222 | D6: 0.10344828 | E6: 2.3333333 | F6: 5.7777778 | G6: 12.32567
A7: Tess | B7: 0 | C7: 0.11111111 | D7: 0.1 | E7: 0 | F7: 3.7777778 | G7: 3.9888889
A8: Jasmin | B8: -2.4444444 | C8: 0.11111111 | D8: 0.18181818 | E8: 1.1111111 | F8: 2.3333333 | G8: 1.2929293
A9: Sofia | B9: 0 | C9: 1.3333333 | D9: 0.090909091 | E9: -0.55555556 | F9: -0.33333333 | G9: 0.53535354
A10: Rosa | B10: 0.4 | C10: -2.6 | D10: 0 | E10: 0.6 | F10: 0.1 | G10: -1.5
A13: Rótulos de Linha | B13: Soma de ΔPPG | C13: Soma de ΔREB | D13: Soma de AST/TO | E13: Soma de ΔEFF | F13: Soma de Δ+ / - | G13: Soma de Pontuação MIP
A14: Manuela | B14: 1.3 | C14: 3.1 | D14: 0.069767442 | E14: 7.5 | F14: 2.4 | G14: 14.369767
A17: Rótulos de Linha | B17: Soma de ΔPPG | C17: Soma de ΔREB | D17: Soma de AST/TO | E17: Soma de ΔEFF | F17: Soma de Δ+ / - | G17: Soma de Pontuação MIP
A18: Isadora | B18: 0.75 | C18: 0.25 | D18: 0.18032787 | E18: 5.375 | F18: 7.125 | G18: 13.680328
A20: Rótulos de Linha | B20: Soma de ΔPPG | C20: Soma de ΔREB | D20: Soma de AST/TO | E20: Soma de ΔEFF | F20: Soma de Δ+ / - | G20: Soma de Pontuação MIP
A21: Laura | B21: 3.8888889 | C21: 0.22222222 | D21: 0.10344828 | E21: 2.3333333 | F21: 5.7777778 | G21: 12.32567
A24: Player | B24: No. | C24: PTS | D24: REB | E24: AST | F24: STL
A25: Manuela | B25: 16 | C25: 13 | D25: 31 | E25: 6 | F25: 34
